{
  "overall_performance": {
    "attacker_hamming_loss": 0.19480519480519481,
    "attacker_jaccard_score": 0.4934343434343435,
    "victim_hamming_loss": 0.16767676767676767,
    "victim_jaccard_score": 0.3282828282828283
  },
  "attacker_summary": {
    "avg_f1": 0.6414294039294038,
    "avg_precision": 0.6736700622524052,
    "avg_recall": 0.6267857142857143,
    "valid_labels": 4,
    "total_models": 7,
    "top_labels": [
      [
        "precise",
        {
          "f1": 0.9230769230769231,
          "precision": 0.9473684210526315,
          "recall": 0.9
        }
      ],
      [
        "good_peek",
        {
          "f1": 0.6545454545454545,
          "precision": 0.5806451612903226,
          "recall": 0.75
        }
      ],
      [
        "good_positioning",
        {
          "f1": 0.5714285714285714,
          "precision": 0.6666666666666666,
          "recall": 0.5
        }
      ],
      [
        "good_decision",
        {
          "f1": 0.4166666666666667,
          "precision": 0.5,
          "recall": 0.35714285714285715
        }
      ]
    ]
  },
  "victim_summary": {
    "avg_f1": 0.4512759710930443,
    "avg_precision": 0.5848665223665224,
    "avg_recall": 0.46240925882869616,
    "valid_labels": 6,
    "total_models": 15,
    "top_labels": [
      [
        "was_backstabbed",
        {
          "f1": 0.6666666666666666,
          "precision": 0.6818181818181818,
          "recall": 0.6521739130434783
        }
      ],
      [
        "exposed",
        {
          "f1": 0.6341463414634146,
          "precision": 0.5416666666666666,
          "recall": 0.7647058823529411
        }
      ],
      [
        "was_watching",
        {
          "f1": 0.5853658536585366,
          "precision": 0.5714285714285714,
          "recall": 0.6
        }
      ],
      [
        "was_aware",
        {
          "f1": 0.5853658536585366,
          "precision": 0.5714285714285714,
          "recall": 0.6
        }
      ],
      [
        "bad_clearing",
        {
          "f1": 0.125,
          "precision": 1.0,
          "recall": 0.06666666666666667
        }
      ],
      [
        "poor_angle",
        {
          "f1": 0.1111111111111111,
          "precision": 0.14285714285714285,
          "recall": 0.09090909090909091
        }
      ]
    ]
  },
  "model_complexity": {
    "total_models": 22,
    "features": 13,
    "training_samples": 264,
    "test_samples": 66
  },
  "filtered_benefits": {
    "excluded_redundant_labels": [
      "is_alive",
      "visible"
    ],
    "excluded_low_frequency_labels": 18,
    "model_reduction_percentage": 15.0,
    "focused_labels_only": true
  }
}